{"name": "entity0_brush0", "type": "MESH", "vertices": [{"x": -96.0, "y": 0.0, "z": -48.0}, {"x": -96.0, "y": 0.0, "z": 48.0}, {"x": -96.0, "y": 16.0, "z": 48.0}, {"x": -96.0, "y": 16.0, "z": -48.0}, {"x": 96.0, "y": 16.0, "z": 48.0}, {"x": 96.0, "y": 0.0, "z": 48.0}, {"x": 96.0, "y": 0.0, "z": -48.0}, {"x": 96.0, "y": 16.0, "z": -48.0}], "textures": {"base_color": "/Users/davidlannan/Documents/trenchgame/map/textures/Pixel/tile_16.png", "metallic_color": "/Users/davidlannan/Library/Application Support/Blender/2.83/scripts/addons/sync_tool/textures/Pixel tile_16_metallic_color_00000000.png", "roughness_color": "/Users/davidlannan/Library/Application Support/Blender/2.83/scripts/addons/sync_tool/textures/Pixel tile_16_roughness_color_ffffffff.png"}, "tris": [{"tri": [{"vertex": 0, "normal": 0, "uv": {"x": 3.0, "y": -0.0}}, {"vertex": 1, "normal": 1, "uv": {"x": -3.0, "y": -0.0}}, {"vertex": 2, "normal": 2, "uv": {"x": -3.0, "y": -1.0}}]}, {"tri": [{"vertex": 0, "normal": 0, "uv": {"x": 3.0, "y": -0.0}}, {"vertex": 2, "normal": 2, "uv": {"x": -3.0, "y": -1.0}}, {"vertex": 3, "normal": 3, "uv": {"x": 3.0, "y": -1.0}}]}, {"tri": [{"vertex": 4, "normal": 4, "uv": {"x": 6.0, "y": -1.0}}, {"vertex": 2, "normal": 2, "uv": {"x": -6.0, "y": -1.0}}, {"vertex": 1, "normal": 1, "uv": {"x": -6.0, "y": -0.0}}]}, {"tri": [{"vertex": 4, "normal": 4, "uv": {"x": 6.0, "y": -1.0}}, {"vertex": 1, "normal": 1, "uv": {"x": -6.0, "y": -0.0}}, {"vertex": 5, "normal": 5, "uv": {"x": 6.0, "y": -0.0}}]}, {"tri": [{"vertex": 5, "normal": 5, "uv": {"x": 6.0, "y": 3.0}}, {"vertex": 1, "normal": 1, "uv": {"x": -6.0, "y": 3.0}}, {"vertex": 0, "normal": 0, "uv": {"x": -6.0, "y": -3.0}}]}, {"tri": [{"vertex": 5, "normal": 5, "uv": {"x": 6.0, "y": 3.0}}, {"vertex": 0, "normal": 0, "uv": {"x": -6.0, "y": -3.0}}, {"vertex": 6, "normal": 6, "uv": {"x": 6.0, "y": -3.0}}]}, {"tri": [{"vertex": 7, "normal": 7, "uv": {"x": 6.0, "y": -3.0}}, {"vertex": 3, "normal": 3, "uv": {"x": -6.0, "y": -3.0}}, {"vertex": 2, "normal": 2, "uv": {"x": -6.0, "y": 3.0}}]}, {"tri": [{"vertex": 7, "normal": 7, "uv": {"x": 6.0, "y": -3.0}}, {"vertex": 2, "normal": 2, "uv": {"x": -6.0, "y": 3.0}}, {"vertex": 4, "normal": 4, "uv": {"x": 6.0, "y": 3.0}}]}, {"tri": [{"vertex": 6, "normal": 6, "uv": {"x": 6.0, "y": -0.0}}, {"vertex": 0, "normal": 0, "uv": {"x": -6.0, "y": -0.0}}, {"vertex": 3, "normal": 3, "uv": {"x": -6.0, "y": -1.0}}]}, {"tri": [{"vertex": 6, "normal": 6, "uv": {"x": 6.0, "y": -0.0}}, {"vertex": 3, "normal": 3, "uv": {"x": -6.0, "y": -1.0}}, {"vertex": 7, "normal": 7, "uv": {"x": 6.0, "y": -1.0}}]}, {"tri": [{"vertex": 7, "normal": 7, "uv": {"x": 3.0, "y": -1.0}}, {"vertex": 4, "normal": 4, "uv": {"x": -3.0, "y": -1.0}}, {"vertex": 5, "normal": 5, "uv": {"x": -3.0, "y": -0.0}}]}, {"tri": [{"vertex": 7, "normal": 7, "uv": {"x": 3.0, "y": -1.0}}, {"vertex": 5, "normal": 5, "uv": {"x": -3.0, "y": -0.0}}, {"vertex": 6, "normal": 6, "uv": {"x": 3.0, "y": -0.0}}]}], "normals": [{"x": 0.0, "y": 0.0, "z": 0.0}, {"x": 0.0, "y": 0.0, "z": 0.0}, {"x": 0.0, "y": 0.0, "z": 0.0}, {"x": 0.0, "y": 0.0, "z": 0.0}, {"x": 0.0, "y": 0.0, "z": 0.0}, {"x": 0.0, "y": 0.0, "z": 0.0}, {"x": 0.0, "y": 0.0, "z": 0.0}, {"x": 0.0, "y": 0.0, "z": 0.0}]}